[
  {
    "category": "朝日航洋株式会社aaaaaaa",
    "data": [
      {
        "title": "令和4年7月15日大雨被害　斜め写真　【朝日航洋】aaaaaa",
        "type": "icon",
        "lng": 141.082069,
        "lat": 38.569465,
        "zoom": 10,
        "id": [
          "i4a3fddd0-f8b8-4a86-9647-ad291d308e8b_dataset1"
        ],
        "checked": true,
        "icon": "images/arrow_red.png",
        "download_url": "https://www.geospatial.jp/ckan/dataset/aigid-2022-0715-aac"
      }
    ]
  },
  {
    "category": "アジア航測株式会社",
    "data": [
      {
        "title": "令和4年7月15日大雨被害　斜め写真　【アジア航測】",
        "type": "icon",
        "lng": 141.07372,
        "lat": 38.578888,
        "zoom": 10,
        "id": [
          "i87c90daf-6a5f-4dd2-ba88-d404ec945618_dataset"
        ],
        "checked": true,
        "icon": "images/arrow_blue.png",
        "download_url": "https://www.geospatial.jp/ckan/dataset/aas-disaster-20220715"
      }
    ]
  },
  {
    "category": "株式会社パスコ",
    "data": [
      {
        "title": "令和4年7月15日大雨被害　斜め写真　【株式会社パスコ】",
        "type": "icon",
        "lng": 140.972787,
        "lat": 38.5227,
        "zoom": 10,
        "id": [
          "ibb5f7f33-4a64-4d3e-993d-28e3e85aa5cd_dataset"
        ],
        "checked": true,
        "icon": "images/arrow_yellow.png",
        "download_url": "https://www.geospatial.jp/ckan/dataset/aigid-2022-7-pasco"
      }
    ]
  },
  {
    "category": "国際航業株式会社",
    "data": [
      {
        "title": "令和4年7月15日大雨被害　斜め写真　【国際航業株式会社】",
        "type": "icon",
        "lng": 141.233102,
        "lat": 38.585986,
        "zoom": 10,
        "id": [
          "if6889f2c-8a6b-42fe-bc00-7e10eb35d1c4_dataset"
        ],
        "checked": true,
        "icon": "images/arrow_red.png",
        "download_url": "https://www.geospatial.jp/ckan/dataset/4-7-15"
      }
    ]
  }
]