{
  "gsi_seamlessphoto": {
    "name": "オルソ画像",
    "source": {
      "type": "raster",
      "tiles": ["https://cyberjapandata.gsi.go.jp/xyz/seamlessphoto/{z}/{x}/{y}.jpg"],
      "tileSize": 256,
      "attribution": "<a href='http://maps.gsi.go.jp/development/ichiran.html' target='_blank'>地理院地図</a>",
      "maxzoom": 18
    }
  },
  "gsi_std": {
    "name": "淡色地図",
    "source": {
      "type": "raster",
      "tiles": ["https://cyberjapandata.gsi.go.jp/xyz/pale/{z}/{x}/{y}.png"],
      "tileSize": 256,
      "attribution": "<a href='http://maps.gsi.go.jp/development/ichiran.html' target='_blank'>地理院地図</a>",
      "maxzoom": 18
    }
  },
  "gsi_dark": {
    "name": "暗色",
    "source": {
      "type": "raster",
      "tiles": ["https://api.mapbox.com/styles/v1/aigid-map/ck0xhq101625s1cqihm4rmzjh/tiles/{z}/{x}/{y}?access_token=pk.eyJ1IjoiYWlnaWQtbWFwIiwiYSI6ImNrMHN5ZDRxNzAyYXYzbm8xazFoOHY4ZmMifQ.Wdgo6imFI3KdDLy-bZuk9w"],
      "tileSize": 256,
      "attribution": "<a href='https://www.mapbox.com/' target='_blank'>© mapbox</a> <a href='https://www.openstreetmap.org/' target='_blank'>© OpenStreetMap</a>'",
      "maxzoom": 18
    }
  },
  "gsi_pale": {
    "name": "単色",
    "source": {
      "type": "raster",
      "tiles": ["https://tile.mierune.co.jp/mierune_mono/{z}/{x}/{y}.png"],
      "tileSize": 256,
      "attribution": "<a href='https://mierune.co.jp/' target='_blank'>© MIERUNE</a> <a href='https://www.openstreetmap.org/' target='_blank'>© OpenStreetMap</a>'",
      "maxzoom": 18
    }
  }
}
